[{"model": "contenttypes.contenttype", "pk": 1, "fields": {"app_label": "admin", "model": "logentry"}}, {"model": "contenttypes.contenttype", "pk": 2, "fields": {"app_label": "auth", "model": "permission"}}, {"model": "contenttypes.contenttype", "pk": 3, "fields": {"app_label": "auth", "model": "group"}}, {"model": "contenttypes.contenttype", "pk": 4, "fields": {"app_label": "auth", "model": "user"}}, {"model": "contenttypes.contenttype", "pk": 5, "fields": {"app_label": "contenttypes", "model": "contenttype"}}, {"model": "contenttypes.contenttype", "pk": 6, "fields": {"app_label": "sessions", "model": "session"}}, {"model": "contenttypes.contenttype", "pk": 7, "fields": {"app_label": "blog", "model": "post"}}, {"model": "contenttypes.contenttype", "pk": 8, "fields": {"app_label": "user", "model": "profile"}}, {"model": "contenttypes.contenttype", "pk": 9, "fields": {"app_label": "blog", "model": "blogcomment"}}, {"model": "sessions.session", "pk": "f80nrltji1ltvvvs4a8t5gwmpgrze5qs", "fields": {"session_data": "M2FiOTNmMmQ5OGNjNjU0ZmRiODkyOWM5ZTRiZWI0NGI3MWVhOWJiNjp7fQ==", "expire_date": "2020-08-28T17:02:24.261Z"}}, {"model": "auth.permission", "pk": 1, "fields": {"name": "Can add log entry", "content_type": 1, "codename": "add_logentry"}}, {"model": "auth.permission", "pk": 2, "fields": {"name": "Can change log entry", "content_type": 1, "codename": "change_logentry"}}, {"model": "auth.permission", "pk": 3, "fields": {"name": "Can delete log entry", "content_type": 1, "codename": "delete_logentry"}}, {"model": "auth.permission", "pk": 4, "fields": {"name": "Can view log entry", "content_type": 1, "codename": "view_logentry"}}, {"model": "auth.permission", "pk": 5, "fields": {"name": "Can add permission", "content_type": 2, "codename": "add_permission"}}, {"model": "auth.permission", "pk": 6, "fields": {"name": "Can change permission", "content_type": 2, "codename": "change_permission"}}, {"model": "auth.permission", "pk": 7, "fields": {"name": "Can delete permission", "content_type": 2, "codename": "delete_permission"}}, {"model": "auth.permission", "pk": 8, "fields": {"name": "Can view permission", "content_type": 2, "codename": "view_permission"}}, {"model": "auth.permission", "pk": 9, "fields": {"name": "Can add group", "content_type": 3, "codename": "add_group"}}, {"model": "auth.permission", "pk": 10, "fields": {"name": "Can change group", "content_type": 3, "codename": "change_group"}}, {"model": "auth.permission", "pk": 11, "fields": {"name": "Can delete group", "content_type": 3, "codename": "delete_group"}}, {"model": "auth.permission", "pk": 12, "fields": {"name": "Can view group", "content_type": 3, "codename": "view_group"}}, {"model": "auth.permission", "pk": 13, "fields": {"name": "Can add user", "content_type": 4, "codename": "add_user"}}, {"model": "auth.permission", "pk": 14, "fields": {"name": "Can change user", "content_type": 4, "codename": "change_user"}}, {"model": "auth.permission", "pk": 15, "fields": {"name": "Can delete user", "content_type": 4, "codename": "delete_user"}}, {"model": "auth.permission", "pk": 16, "fields": {"name": "Can view user", "content_type": 4, "codename": "view_user"}}, {"model": "auth.permission", "pk": 17, "fields": {"name": "Can add content type", "content_type": 5, "codename": "add_contenttype"}}, {"model": "auth.permission", "pk": 18, "fields": {"name": "Can change content type", "content_type": 5, "codename": "change_contenttype"}}, {"model": "auth.permission", "pk": 19, "fields": {"name": "Can delete content type", "content_type": 5, "codename": "delete_contenttype"}}, {"model": "auth.permission", "pk": 20, "fields": {"name": "Can view content type", "content_type": 5, "codename": "view_contenttype"}}, {"model": "auth.permission", "pk": 21, "fields": {"name": "Can add session", "content_type": 6, "codename": "add_session"}}, {"model": "auth.permission", "pk": 22, "fields": {"name": "Can change session", "content_type": 6, "codename": "change_session"}}, {"model": "auth.permission", "pk": 23, "fields": {"name": "Can delete session", "content_type": 6, "codename": "delete_session"}}, {"model": "auth.permission", "pk": 24, "fields": {"name": "Can view session", "content_type": 6, "codename": "view_session"}}, {"model": "auth.permission", "pk": 25, "fields": {"name": "Can add post", "content_type": 7, "codename": "add_post"}}, {"model": "auth.permission", "pk": 26, "fields": {"name": "Can change post", "content_type": 7, "codename": "change_post"}}, {"model": "auth.permission", "pk": 27, "fields": {"name": "Can delete post", "content_type": 7, "codename": "delete_post"}}, {"model": "auth.permission", "pk": 28, "fields": {"name": "Can view post", "content_type": 7, "codename": "view_post"}}, {"model": "auth.permission", "pk": 29, "fields": {"name": "Can add profile", "content_type": 8, "codename": "add_profile"}}, {"model": "auth.permission", "pk": 30, "fields": {"name": "Can change profile", "content_type": 8, "codename": "change_profile"}}, {"model": "auth.permission", "pk": 31, "fields": {"name": "Can delete profile", "content_type": 8, "codename": "delete_profile"}}, {"model": "auth.permission", "pk": 32, "fields": {"name": "Can view profile", "content_type": 8, "codename": "view_profile"}}, {"model": "auth.permission", "pk": 33, "fields": {"name": "Can add blog comment", "content_type": 9, "codename": "add_blogcomment"}}, {"model": "auth.permission", "pk": 34, "fields": {"name": "Can change blog comment", "content_type": 9, "codename": "change_blogcomment"}}, {"model": "auth.permission", "pk": 35, "fields": {"name": "Can delete blog comment", "content_type": 9, "codename": "delete_blogcomment"}}, {"model": "auth.permission", "pk": 36, "fields": {"name": "Can view blog comment", "content_type": 9, "codename": "view_blogcomment"}}, {"model": "auth.user", "pk": 1, "fields": {"password": "pbkdf2_sha256$180000$XVUUhH4vFXX8$CmI5WJ14FJWehLvkFnx9nnVsjLEyVyosrlmwplQ9PII=", "last_login": "2020-08-14T15:21:42.152Z", "is_superuser": true, "username": "ana", "first_name": "", "last_name": "", "email": "melia.ana937@gmail.com", "is_staff": true, "is_active": true, "date_joined": "2020-08-05T11:06:59Z", "groups": [], "user_permissions": []}}, {"model": "auth.user", "pk": 2, "fields": {"password": "pbkdf2_sha256$180000$aLbRJkZlwUUu$pW8/WIFeqX3aBFO7E9VPn4jrk/K28J+CTV3wOHviKuY=", "last_login": "2020-08-10T10:39:30.565Z", "is_superuser": false, "username": "TestUser", "first_name": "", "last_name": "", "email": "testuser@gmail.com", "is_staff": false, "is_active": true, "date_joined": "2020-08-05T11:11:57Z", "groups": [], "user_permissions": []}}, {"model": "auth.user", "pk": 3, "fields": {"password": "pbkdf2_sha256$180000$zyDBiPvpBbT6$5uM7Qv6zG2r7E654LVEnrfvVBp5FAKvkUoLQDmjmgZ4=", "last_login": "2020-08-10T07:24:13.062Z", "is_superuser": false, "username": "TestUser2", "first_name": "", "last_name": "", "email": "testuser@gmail.com", "is_staff": false, "is_active": true, "date_joined": "2020-08-10T07:21:35.803Z", "groups": [], "user_permissions": []}}, {"model": "auth.user", "pk": 4, "fields": {"password": "pbkdf2_sha256$180000$bEI6JZEYqdjB$j6RV6mPblpGF7D4AXNMXQLup0Rdes0iIdgtmqpfyP04=", "last_login": "2020-08-10T10:50:21.603Z", "is_superuser": false, "username": "TestUser4", "first_name": "", "last_name": "", "email": "TestUser4@gmail.com", "is_staff": false, "is_active": true, "date_joined": "2020-08-10T10:50:15.917Z", "groups": [], "user_permissions": []}}, {"model": "auth.user", "pk": 5, "fields": {"password": "pbkdf2_sha256$180000$vpVZQBZOkcYg$30sLkEGgbg4LkBQlXJPX60z5Jr5a4u1PET9DUg+EneA=", "last_login": "2020-08-14T17:02:24.267Z", "is_superuser": false, "username": "namper", "first_name": "", "last_name": "", "email": "nnamper@gmail.com", "is_staff": false, "is_active": true, "date_joined": "2020-08-14T17:00:06.490Z", "groups": [], "user_permissions": []}}, {"model": "admin.logentry", "pk": 1, "fields": {"action_time": "2020-08-05T11:11:57.382Z", "user": 1, "content_type": 4, "object_id": "2", "object_repr": "TestUser", "action_flag": 1, "change_message": "[{\"added\": {}}]"}}, {"model": "admin.logentry", "pk": 2, "fields": {"action_time": "2020-08-05T11:13:03.735Z", "user": 1, "content_type": 4, "object_id": "2", "object_repr": "TestUser", "action_flag": 2, "change_message": "[{\"changed\": {\"fields\": [\"Email address\"]}}]"}}, {"model": "admin.logentry", "pk": 3, "fields": {"action_time": "2020-08-09T13:26:14.973Z", "user": 1, "content_type": 7, "object_id": "1", "object_repr": "My first blog", "action_flag": 2, "change_message": "[{\"changed\": {\"fields\": [\"Title\", \"Content\"]}}]"}}, {"model": "admin.logentry", "pk": 4, "fields": {"action_time": "2020-08-09T13:28:02.253Z", "user": 1, "content_type": 7, "object_id": "2", "object_repr": "This is me again", "action_flag": 2, "change_message": "[{\"changed\": {\"fields\": [\"Title\", \"Content\"]}}]"}}, {"model": "admin.logentry", "pk": 5, "fields": {"action_time": "2020-08-09T13:29:32.268Z", "user": 1, "content_type": 7, "object_id": "3", "object_repr": "Not me anymore", "action_flag": 2, "change_message": "[{\"changed\": {\"fields\": [\"Title\", \"Content\", \"Author\"]}}]"}}, {"model": "admin.logentry", "pk": 6, "fields": {"action_time": "2020-08-09T15:47:19.865Z", "user": 1, "content_type": 7, "object_id": "4", "object_repr": "my name is eminem", "action_flag": 1, "change_message": "[{\"added\": {}}]"}}, {"model": "admin.logentry", "pk": 7, "fields": {"action_time": "2020-08-09T15:47:35.330Z", "user": 1, "content_type": 7, "object_id": "3", "object_repr": "Not me anymore", "action_flag": 2, "change_message": "[{\"changed\": {\"fields\": [\"Date posted\"]}}]"}}, {"model": "admin.logentry", "pk": 8, "fields": {"action_time": "2020-08-10T10:17:29.586Z", "user": 1, "content_type": 8, "object_id": "1", "object_repr": "ana Profile", "action_flag": 1, "change_message": "[{\"added\": {}}]"}}, {"model": "admin.logentry", "pk": 9, "fields": {"action_time": "2020-08-10T10:17:41.839Z", "user": 1, "content_type": 8, "object_id": "2", "object_repr": "TestUser Profile", "action_flag": 1, "change_message": "[{\"added\": {}}]"}}, {"model": "admin.logentry", "pk": 10, "fields": {"action_time": "2020-08-10T10:27:45.662Z", "user": 1, "content_type": 8, "object_id": "2", "object_repr": "TestUser Profile", "action_flag": 3, "change_message": ""}}, {"model": "admin.logentry", "pk": 11, "fields": {"action_time": "2020-08-10T10:27:51.396Z", "user": 1, "content_type": 8, "object_id": "1", "object_repr": "ana Profile", "action_flag": 3, "change_message": ""}}, {"model": "admin.logentry", "pk": 12, "fields": {"action_time": "2020-08-10T10:28:08.023Z", "user": 1, "content_type": 8, "object_id": "3", "object_repr": "ana Profile", "action_flag": 1, "change_message": "[{\"added\": {}}]"}}, {"model": "admin.logentry", "pk": 13, "fields": {"action_time": "2020-08-10T10:28:17.963Z", "user": 1, "content_type": 8, "object_id": "4", "object_repr": "TestUser Profile", "action_flag": 1, "change_message": "[{\"added\": {}}]"}}, {"model": "admin.logentry", "pk": 14, "fields": {"action_time": "2020-08-14T07:07:08.651Z", "user": 1, "content_type": 7, "object_id": "30", "object_repr": "boloa?", "action_flag": 2, "change_message": "[{\"changed\": {\"fields\": [\"Comment\"]}}]"}}, {"model": "admin.logentry", "pk": 15, "fields": {"action_time": "2020-08-14T08:32:41.369Z", "user": 1, "content_type": 9, "object_id": "1", "object_repr": "boloa?", "action_flag": 1, "change_message": "[{\"added\": {}}]"}}, {"model": "admin.logentry", "pk": 16, "fields": {"action_time": "2020-08-14T08:33:56.216Z", "user": 1, "content_type": 9, "object_id": "2", "object_repr": "dont", "action_flag": 1, "change_message": "[{\"added\": {}}]"}}, {"model": "admin.logentry", "pk": 17, "fields": {"action_time": "2020-08-14T08:47:18.135Z", "user": 1, "content_type": 9, "object_id": "2", "object_repr": "dont", "action_flag": 2, "change_message": "[]"}}, {"model": "admin.logentry", "pk": 18, "fields": {"action_time": "2020-08-14T08:59:45.641Z", "user": 1, "content_type": 9, "object_id": "3", "object_repr": "boloa?", "action_flag": 1, "change_message": "[{\"added\": {}}]"}}, {"model": "admin.logentry", "pk": 19, "fields": {"action_time": "2020-08-14T15:15:29.638Z", "user": 1, "content_type": 4, "object_id": "1", "object_repr": "ana", "action_flag": 2, "change_message": "[{\"changed\": {\"fields\": [\"Email address\"]}}]"}}, {"model": "blog.blogcomment", "pk": 1, "fields": {"post": 30, "comment": "commentari neta sad daiwereba azrze ar var", "date_posted": "2020-08-14T08:29:01Z", "author": 1}}, {"model": "blog.blogcomment", "pk": 2, "fields": {"post": 7, "comment": "\u10d9\u10dd\u10db\u10d4\u10dc\u10e2\u10d0\u10e0\u10d8", "date_posted": "2020-08-14T08:33:30Z", "author": 4}}, {"model": "blog.blogcomment", "pk": 3, "fields": {"post": 30, "comment": "meore komentari rogor gamochndeba?", "date_posted": "2020-08-14T08:59:24Z", "author": 4}}, {"model": "blog.blogcomment", "pk": 4, "fields": {"post": 1, "comment": "this is comment", "date_posted": "2020-08-14T09:11:50Z", "author": 2}}, {"model": "blog.blogcomment", "pk": 5, "fields": {"post": 1, "comment": "kom", "date_posted": "2020-08-14T09:17:39Z", "author": 4}}, {"model": "blog.blogcomment", "pk": 6, "fields": {"post": 1, "comment": "kom", "date_posted": "2020-08-14T09:17:39Z", "author": 4}}, {"model": "blog.blogcomment", "pk": 7, "fields": {"post": 3, "comment": "kom", "date_posted": "2020-08-14T09:20:08Z", "author": 4}}, {"model": "blog.blogcomment", "pk": 8, "fields": {"post": 5, "comment": "\u10e2\u10d4\u10e1\u10e212", "date_posted": "2020-08-14T09:20:27Z", "author": 4}}, {"model": "blog.blogcomment", "pk": 9, "fields": {"post": 1, "comment": "\u10e2\u10d4\u10e1\u10e23", "date_posted": "2020-08-14T09:21:14Z", "author": 1}}, {"model": "blog.blogcomment", "pk": 10, "fields": {"post": 1, "comment": "\u10d9", "date_posted": "2020-08-14T09:22:10Z", "author": 1}}, {"model": "blog.blogcomment", "pk": 11, "fields": {"post": 1, "comment": "\u10d9", "date_posted": "2020-08-14T09:22:27Z", "author": 1}}, {"model": "blog.blogcomment", "pk": 12, "fields": {"post": 1, "comment": "\u10d9", "date_posted": "2020-08-14T09:22:58Z", "author": 1}}, {"model": "blog.blogcomment", "pk": 13, "fields": {"post": 1, "comment": "\u10d9", "date_posted": "2020-08-14T09:23:01Z", "author": 1}}, {"model": "blog.blogcomment", "pk": 14, "fields": {"post": 1, "comment": "afg", "date_posted": "2020-08-14T09:23:41Z", "author": 2}}, {"model": "blog.blogcomment", "pk": 15, "fields": {"post": 1, "comment": "kasoodf", "date_posted": "2020-08-14T09:24:06Z", "author": 1}}, {"model": "blog.blogcomment", "pk": 16, "fields": {"post": 1, "comment": "sdknsdksjk", "date_posted": "2020-08-14T09:44:25Z", "author": 2}}, {"model": "blog.blogcomment", "pk": 17, "fields": {"post": 31, "comment": "kom", "date_posted": "2020-08-14T09:46:23.587Z", "author": 1}}, {"model": "blog.blogcomment", "pk": 18, "fields": {"post": 31, "comment": "kom", "date_posted": "2020-08-14T09:50:23.319Z", "author": 3}}, {"model": "blog.blogcomment", "pk": 19, "fields": {"post": 5, "comment": "comentari", "date_posted": "2020-08-14T10:05:33.087Z", "author": 2}}, {"model": "blog.blogcomment", "pk": 20, "fields": {"post": 5, "comment": "scac", "date_posted": "2020-08-14T10:11:09.755Z", "author": 3}}, {"model": "blog.blogcomment", "pk": 21, "fields": {"post": 31, "comment": "imushaveb?", "date_posted": "2020-08-14T10:11:26.674Z", "author": 4}}, {"model": "blog.blogcomment", "pk": 22, "fields": {"post": 31, "comment": "komennnn", "date_posted": "2020-08-14T10:12:13.054Z", "author": 1}}, {"model": "blog.blogcomment", "pk": 23, "fields": {"post": 7, "comment": "\u10d9\u10ef\u10e1\u10d3\u10e4\u10ef\u10d0\u10e1'", "date_posted": "2020-08-14T15:50:21.762Z", "author": 1}}, {"model": "blog.blogcomment", "pk": 24, "fields": {"post": 16, "comment": "ad;kjf", "date_posted": "2020-08-14T15:54:17.997Z", "author": 1}}, {"model": "blog.post", "pk": 1, "fields": {"title": "My first blog", "content": "Helllooo everyoneee!!!\r\nThis is my first blog, PLease read my blog!", "date_posted": "2020-08-09T13:03:14Z", "author": 1}}, {"model": "blog.post", "pk": 2, "fields": {"title": "This is me again", "content": "So, my first blog was a success. It had total of one reader, which was me. \r\nThanks to me for supporting myself.", "date_posted": "2020-08-09T13:08:23Z", "author": 1}}, {"model": "blog.post", "pk": 3, "fields": {"title": "Not me anymore", "content": "I'm currently testing if i can change the author of this blog. If it's a success this won't be my blog.", "date_posted": "2000-08-09T13:14:23Z", "author": 2}}, {"model": "blog.post", "pk": 4, "fields": {"title": "my name is eminem", "content": "eminem is gay", "date_posted": "2020-08-09T15:47:14Z", "author": 1}}, {"model": "blog.post", "pk": 5, "fields": {"title": "romeligaca posti", "content": "mushaobs neta?\r\nara", "date_posted": "2020-08-13T16:53:26.040Z", "author": 1}}, {"model": "blog.post", "pk": 6, "fields": {"title": "kide erti new postii", "content": "\u10e5\u10d0\u10e0\u10d7\u10e3\u10da\u10d0\u10d3\u10d0\u10ea \u10db\u10dd\u10df\u10dc\u10d0?\r\nkiki", "date_posted": "2020-08-13T16:56:44.794Z", "author": 1}}, {"model": "blog.post", "pk": 7, "fields": {"title": "dont", "content": "dont", "date_posted": "2020-08-13T16:58:05.526Z", "author": 1}}, {"model": "blog.post", "pk": 16, "fields": {"title": "edit", "content": "edited", "date_posted": "2020-08-13T17:10:00.493Z", "author": 1}}, {"model": "blog.post", "pk": 22, "fields": {"title": "\u10ec\u10d4\u10e1\u10d8\u10d4\u10e0\u10d8 \u10e1\u10d0\u10d7\u10d0\u10e3\u10e0\u10d8", "content": "\u10d0\u10e5 \u10e0\u10d0\u10db\u10d4 \u10ec\u10d4\u10e0\u10d8\u10d0 2", "date_posted": "2020-08-13T17:29:58.415Z", "author": 1}}, {"model": "blog.post", "pk": 30, "fields": {"title": "boloa?", "content": "imedia\r\n\r\n\r\nsure", "date_posted": "2020-08-13T17:41:34Z", "author": 1}}, {"model": "blog.post", "pk": 31, "fields": {"title": "Compactness", "content": "SHARELATEST\r\nSign up for our free newsletters.\r\n\r\nSign Up\r\nRoots of UnityRoots of Unity\r\nWhat Does Compactness Really Mean?\r\nIt took me a long time to understand the mysterious mathematical property of compactness \r\n\r\nBy Evelyn Lamb on May 25, 2017\r\nWhat Does Compactness Really Mean?\r\nCredit: Nils Peters Flickr (CC BY 2.0)\r\nI don\u2019t think I\u2019ve spent more time with a mathematical definition than I did with compactness. It is an important mathematical property and one that initially left me entirely bewildered.\r\n\r\nThere are two definitions of compactness. One is the real definition, and one is a \"definition\" that is equivalent in some popular settings, namely the number line, the plane, and other Euclidean spaces. (The fact that the two definitions are equivalent is called the Heine-Borel theorem.)\r\n\r\nThe real definition of compactness is that a space is compact if every open cover of the space has a finite subcover. I don\u2019t know how many times I repeated that definition to myself in my undergraduate topology class, wondering if my incantations would eventually help me understand what in the world compactness was\r\n\r\n\r\nAlmost simultaneously, I learned the practical definition of compactness in Euclidean spaces: a set is compact if it is closed and bounded. A set is closed if it contains all points that are extremal in some sense; for example, a filled-in circle including the outer boundary is closed, while a filled-in circle that doesn\u2019t include the outer boundary is not closed. Bounded is a little more like what it sounds like: points in a bounded space are all within some fixed distance of each other. \r\n\r\nIt took me a long time to connect these two ways of looking at compactness, and I\u2019m not going to do that in this post. (If you\u2019re taking an introduction to analysis or topology class, you might have the delightful opportunity to learn the Heine-Borel theorem for yourself. Hooray!) But I will unpack the first definition a bit. An open cover is a collection of open sets (read more about those here) that covers a space. An example would be the set of all open intervals, which covers the real number line. \r\n\r\n\r\nA collection of many open intervals on the real number line. Credit: Evelyn Lamb\r\nOf course, the collection of all open intervals in the number line contains a heck of a lot of intervals! Compactness asks if there is a way to whittle down that collection to a finite number of intervals and still cover the entire number line. That is, could we find a finite number of open intervals so that every point on the number line is in at least one of them? We could eliminate a lot of the intervals and still cover the line \u2014 we could, for example, only permit unit-length intervals whose endpoints were at integers or integers-and-a-half \u2014 but we could never pare our collection down to a finite number of intervals and still span the entire number line. If we reduced it to 100 unit intervals, for example, we could only cover a maximum of 100 units of length on the infinite number line, and that\u2019s if none of the intervals overlapped! So the number line is not compact because we have found an open cover that does not have a finite subcover.\r\n\r\nA set does not have to be infinite in length or area to be non-compact. A closed interval and an open interval make a good case study for how we can think about compactness. For convenience, we might as well look at the intervals (0,1) and [0,1]. (The first is all the real numbers between 0 and 1 not including the endpoints, the second is all the real numbers between 0 and 1 including 0 and 1.) The open interval (0,1) is not compact because we can build a covering of the interval that doesn\u2019t have a finite subcover. We can do that by looking at all intervals of the form (1/n,1). Each one of those intervals lies within (0,1), and put together, any number", "date_posted": "2020-08-14T09:41:24.741Z", "author": 1}}, {"model": "user.profile", "pk": 3, "fields": {"user": 1, "image": "profile_pics/i-dont-know-and-i-have-no-opinion.jpg"}}, {"model": "user.profile", "pk": 4, "fields": {"user": 2, "image": "default.jpg"}}, {"model": "user.profile", "pk": 5, "fields": {"user": 4, "image": "default.jpg"}}]